last_window_sale_amount,shop_code,class_code,date,time,total_sale_amount,last_hour_sale_amount,total_pass_rate,last_hour_pass_rate,rest_inventory,prom,discount,
205.44,100001001,0401,2018-05-28,13,46,24,0.624315444,0.201533406,17,0,,
56.02,100001001,0401,2018-05-28,14,53,7,0.702081051,0.077765608,10,0,,
23,100001001,0401,2018-05-28,15,56,3,0.73822563,0.036144578,7,0,,
16.02,100001001,0401,2018-05-28,16,58,2,0.769989047,0.031763417,5,0,,
17.64,100001001,0401,2018-05-28,17,60,2,0.807228916,0.037239869,3,0,,
0,100001001,0401,2018-05-28,18,60,0,0.843373494,0.036144578,3,0,,
20.3,100001001,0401,2018-05-28,19,62,2,0.883899233,0.040525739,1,0,,
0,100001001,0401,2018-05-28,20,62,0,0.918948521,0.035049288,1,0,,
0,100001001,0401,2018-05-28,21,62,0,0.946878423,0.027929901,1,0,,
12.5,100001001,0401,2018-05-28,22,63,1,0.966593647,0.019715225,0,0,,
0,100001001,0401,2018-05-28,23,63,0,0.982475356,0.015881709,0,0,,
130.06,100001001,0401,2018-05-29,13,32,16,0.620972146,0.173129437,27,0,,
62.24,100001001,0401,2018-05-29,14,40,8,0.703440743,0.082468596,19,0,,
25.6,100001001,0401,2018-05-29,15,43,3,0.740032769,0.036592026,16,0,,
0,100001001,0401,2018-05-29,16,43,0,0.766247952,0.026215183,16,1,8.9,
0,100001001,0401,2018-05-29,17,43,0,0.801747679,0.035499727,16,1,8.9,
47.08,100001001,0401,2018-05-29,18,49,6,0.849262698,0.047515019,10,0,,
37.24,100001001,0401,2018-05-29,19,53,4,0.885308575,0.036045877,6,0,,
16,100001001,0401,2018-05-29,20,55,2,0.917531404,0.032222829,4,0,,
0,100001001,0401,2018-05-29,21,55,0,0.942108138,0.024576734,4,0,,
8,100001001,0401,2018-05-29,22,56,1,0.965046423,0.022938285,3,0,,
0,100001001,0401,2018-05-29,23,56,0,0.989077007,0.024030584,3,1,3.9,
142.94,100001001,0401,2018-05-30,13,31,17,0.620821918,0.189041096,23,0,,
57.64,100001001,0401,2018-05-30,14,38,7,0.69260274,0.071780822,16,0,,
32.84,100001001,0401,2018-05-30,15,42,4,0.723835616,0.031232877,12,0,,
25.64,100001001,0401,2018-05-30,16,45,3,0.751780822,0.027945205,9,0,,
0,100001001,0401,2018-05-30,17,45,0,0.776438356,0.024657534,9,0,,
24.02,100001001,0401,2018-05-30,18,48,3,0.814246575,0.037808219,6,0,,
7.8,100001001,0401,2018-05-30,19,49,1,0.855890411,0.041643836,5,0,,
0,100001001,0401,2018-05-30,20,49,0,0.899726027,0.043835616,5,0,,
0,100001001,0401,2018-05-30,21,49,0,0.928767123,0.029041096,5,1,7.9,
8.8,100001001,0401,2018-05-30,22,50,1,0.95890411,0.030136986,4,1,7.9,
5.19,100001001,0401,2018-05-30,23,51,1,0.987945205,0.029041096,3,1,3.9,
114.64,100001001,0401,2018-05-31,13,32,14,0.614842904,0.176056338,25,0,,
57.62,100001001,0401,2018-05-31,14,39,7,0.696099675,0.081256771,18,0,,
41.66,100001001,0401,2018-05-31,15,44,5,0.729144095,0.03304442,13,0,,
17.8,100001001,0401,2018-05-31,16,46,2,0.75460455,0.025460455,11,0,,
0,100001001,0401,2018-05-31,17,46,0,0.782231853,0.027627302,11,0,,
14.4,100001001,0401,2018-05-31,18,48,2,0.821235103,0.03900325,9,0,,
23.2,100001001,0401,2018-05-31,19,51,3,0.863488624,0.042253521,6,0,,
17.64,100001001,0401,2018-05-31,20,53,2,0.893824485,0.030335861,4,0,,
0,100001001,0401,2018-05-31,21,53,0,0.923618635,0.02979415,4,0,,
8.82,100001001,0401,2018-05-31,22,54,1,0.95503792,0.031419285,3,1,7.9,
15.48,100001001,0401,2018-05-31,23,56,2,0.982665222,0.027627302,1,1,3.9,
192.76,100001001,0401,2018-06-01,13,40,23,0.626153011,0.183396636,29,1,8.9,
44.55,100001001,0401,2018-06-01,14,46,6,0.692892024,0.066739012,23,1,8.9,
7.83,100001001,0401,2018-06-01,15,47,1,0.721649485,0.028757461,22,1,8.9,
22.72,100001001,0401,2018-06-01,16,50,3,0.753119913,0.031470429,19,1,8.9,
0,100001001,0401,2018-06-01,17,50,0,0.778079219,0.024959305,19,1,7.9,
18.96,100001001,0401,2018-06-01,18,53,3,0.80846446,0.030385241,16,1,7.9,
6.76,100001001,0401,2018-06-01,19,54,1,0.850786761,0.042322301,15,1,6.9,
8,100001001,0401,2018-06-01,20,55,1,0.901247965,0.050461205,14,1,5.9,
7.64,100001001,0401,2018-06-01,21,57,2,0.930005426,0.028757461,12,1,6.9,
5.52,100001001,0401,2018-06-01,22,58,1,0.96527401,0.035268584,11,1,6.9,
11.3,100001001,0401,2018-06-01,23,60,2,0.984807379,0.01953337,9,1,3.9,
300.92,100001001,0401,2018-06-04,13,53,35,0.648063781,0.196469248,17,0,,
50.6,100001001,0401,2018-06-04,14,59,6,0.744874715,0.096810934,11,0,,
16.02,100001001,0401,2018-06-04,15,61,2,0.775056948,0.030182232,9,0,,
19.6,100001001,0401,2018-06-04,16,63,2,0.799544419,0.024487472,7,0,,
43.42,100001001,0401,2018-06-04,17,68,5,0.828018223,0.028473804,2,0,,
0,100001001,0401,2018-06-04,18,68,0,0.86332574,0.035307517,2,0,,
0,100001001,0401,2018-06-04,19,68,0,0.895785877,0.032460137,2,0,,
0,100001001,0401,2018-06-04,20,68,0,0.921412301,0.025626424,2,0,,
0,100001001,0401,2018-06-04,21,68,0,0.945899772,0.024487472,2,0,,
0,100001001,0401,2018-06-04,22,68,0,0.969817768,0.023917995,2,0,,
0,100001001,0401,2018-06-04,23,68,0,0.989179954,0.019362187,2,1,3.9,
272.68,100001001,0401,2018-06-05,13,49,32,0.625831486,0.171286031,19,0,,
60.26,100001001,0401,2018-06-05,14,56,7,0.703436807,0.077605322,12,0,,
48.02,100001001,0401,2018-06-05,15,62,6,0.746119734,0.042682927,6,0,,
8,100001001,0401,2018-06-05,16,63,1,0.770509978,0.024390244,5,0,,
0,100001001,0401,2018-06-05,17,63,0,0.801552106,0.031042129,5,0,,
8,100001001,0401,2018-06-05,18,64,1,0.838137472,0.036585366,4,0,,
0,100001001,0401,2018-06-05,19,64,0,0.884146341,0.046008869,4,0,,
17.6,100001001,0401,2018-06-05,20,66,2,0.920731707,0.036585366,2,0,,
0,100001001,0401,2018-06-05,21,66,0,0.949002217,0.02827051,2,0,,
0,100001001,0401,2018-06-05,22,66,0,0.971175166,0.022172949,2,0,,
0,100001001,0401,2018-06-05,23,66,0,0.993348115,0.022172949,2,1,3.9,
265.56,100001001,0401,2018-06-06,13,46,31,0.632090762,0.180983252,26,0,,
17.6,100001001,0401,2018-06-06,14,48,2,0.710967045,0.078876283,24,0,,
40.84,100001001,0401,2018-06-06,15,53,5,0.746623447,0.035656402,19,1,8.9,
20.3,100001001,0401,2018-06-06,16,55,2,0.774176121,0.027552674,17,1,8.9,
22.86,100001001,0401,2018-06-06,17,58,3,0.808211777,0.034035656,14,0,,
7.2,100001001,0401,2018-06-06,18,59,1,0.84710967,0.038897893,13,1,8.9,
12.64,100001001,0401,2018-06-06,19,61,2,0.882225824,0.035116153,11,1,7.9,
6.32,100001001,0401,2018-06-06,20,62,1,0.918962723,0.036736899,10,1,7.9,
14.32,100001001,0401,2018-06-06,21,64,2,0.944354403,0.02539168,8,1,6.9,
0,100001001,0401,2018-06-06,22,64,0,0.967585089,0.023230686,8,1,6.9,
4.72,100001001,0401,2018-06-06,23,65,1,0.98919503,0.021609941,7,1,3.9,
184.74,100001001,0401,2018-06-07,13,37,21,0.637203928,0.165222415,32,1,8.9,
85.12,100001001,0401,2018-06-07,14,47,10,0.721548238,0.08434431,22,1,8.9,
23.63,100001001,0401,2018-06-07,15,50,3,0.751588677,0.030040439,19,1,8.9,
0,100001001,0401,2018-06-07,16,50,0,0.774119006,0.022530329,18,1,8.9,
8,100001001,0401,2018-06-07,17,51,1,0.80762565,0.033506644,18,1,7.9,
33.76,100001001,0401,2018-06-07,18,56,5,0.837666089,0.030040439,13,1,7.9,
52.06,100001001,0401,2018-06-07,19,64,8,0.875794339,0.03812825,5,0,,
17.64,100001001,0401,2018-06-07,20,66,2,0.906412478,0.03061814,3,0,,
24.02,100001001,0401,2018-06-07,21,69,3,0.944540728,0.03812825,0,0,,
0,100001001,0401,2018-06-07,22,69,0,0.964182553,0.019641826,0,0,,
0,100001001,0401,2018-06-07,23,69,0,0.986135182,0.021952629,0,0,,
187.68,100001001,0401,2018-06-08,13,36,21,0.645143178,0.176305446,39,1,8.9,
23.84,100001001,0401,2018-06-08,14,39,3,0.715328467,0.070185289,36,1,8.9,
25.74,100001001,0401,2018-06-08,15,42,3,0.743964065,0.028635598,32,1,7.9,
11.04,100001001,0401,2018-06-08,16,44,2,0.769792252,0.025828186,31,1,6.9,
18.26,100001001,0401,2018-06-08,17,47,3,0.795058956,0.025266704,28,1,6.9,
15.76,100001001,0401,2018-06-08,18,50,3,0.827063448,0.032004492,25,1,6.9,
14.52,100001001,0401,2018-06-08,19,52,2,0.875350926,0.048287479,23,1,5.9,
18.67,100001001,0401,2018-06-08,20,57,5,0.905670971,0.030320045,18,1,5.9,
14.99,100001001,0401,2018-06-08,21,60,3,0.929253229,0.023582257,15,1,5.9,
4.72,100001001,0401,2018-06-08,22,61,1,0.952835486,0.023582257,14,1,5.9,
4.72,100001001,0401,2018-06-08,23,62,1,0.983717013,0.030881527,13,1,3.9,
177.85,100001001,0401,2018-06-11,13,34,22,0.622406639,0.176644932,48,1,6.9,
46.25,100001001,0401,2018-06-11,14,40,6,0.697688204,0.075281565,43,1,6.9,
53.69,100001001,0401,2018-06-11,15,47,7,0.728512152,0.030823948,36,1,6.9,
19.25,100001001,0401,2018-06-11,16,50,3,0.766449318,0.037937167,32,1,5.9,
19.22,100001001,0401,2018-06-11,17,54,4,0.79608773,0.029638411,28,1,5.9,
23.22,100001001,0401,2018-06-11,18,58,4,0.829875519,0.033787789,24,1,5.9,
31.51,100001001,0401,2018-06-11,19,65,7,0.877296977,0.047421458,17,1,4.9,
0,100001001,0401,2018-06-11,20,65,0,0.919383521,0.042086544,17,1,4.9,
10.58,100001001,0401,2018-06-11,21,69,4,0.947836396,0.028452875,13,1,4.9,
15.75,100001001,0401,2018-06-11,22,75,6,0.968583284,0.020746888,7,1,5.9,
0,100001001,0401,2018-06-11,23,75,0,0.986366331,0.017783047,7,1,2.9,
153.85,100001001,0401,2018-06-12,13,28,19,0.654095463,0.186210961,57,1,6.9,
39.26,100001001,0401,2018-06-12,14,33,5,0.732469063,0.0783736,52,1,6.9,
19.08,100001001,0401,2018-06-12,15,36,3,0.758986447,0.026517384,49,1,5.9,
22.86,100001001,0401,2018-06-12,16,40,4,0.789628757,0.03064231,45,1,5.9,
5.78,100001001,0401,2018-06-12,17,41,1,0.820860342,0.031231585,44,1,5.9,
40.52,100001001,0401,2018-06-12,18,49,8,0.86269888,0.041838539,36,1,5.9,
44.78,100001001,0401,2018-06-12,19,58,9,0.898644667,0.035945787,27,1,4.9,
2.55,100001001,0401,2018-06-12,20,59,1,0.930465527,0.03182086,26,1,4.9,
12.15,100001001,0401,2018-06-12,21,62,3,0.95462581,0.024160283,23,1,4.9,
2.84,100001001,0401,2018-06-12,22,63,1,0.975250442,0.020624632,22,1,4.9,
11.82,100001001,0401,2018-06-12,23,66,3,0.987625221,0.012374779,19,1,2.9,
249.15,100001001,0401,2018-06-13,13,48,29,0.642036125,0.224411604,43,1,6.9,
103.69,100001001,0401,2018-06-13,14,60,12,0.728516694,0.086480569,33,1,7.9,
37.67,100001001,0401,2018-06-13,15,65,5,0.762999453,0.034482759,28,1,7.9,
10.69,100001001,0401,2018-06-13,16,66,1,0.78817734,0.025177887,27,1,7.9,
9.8,100001001,0401,2018-06-13,17,67,1,0.815544609,0.027367269,26,1,6.9,
0,100001001,0401,2018-06-13,18,67,0,0.851669403,0.036124795,26,1,6.9,
31.48,100001001,0401,2018-06-13,19,72,5,0.891625616,0.039956212,21,1,4.9,
5.68,100001001,0401,2018-06-13,20,74,2,0.924466338,0.032840722,19,1,4.9,
14.09,100001001,0401,2018-06-13,21,78,4,0.950191571,0.025725233,15,1,5.9,
5.78,100001001,0401,2018-06-13,22,79,1,0.971538041,0.02134647,14,1,5.9,
0,100001001,0401,2018-06-13,23,79,0,0.989053093,0.017515052,14,1,2.9,
140.03,100001001,0401,2018-06-14,13,30,17,0.608550805,0.175458079,38,1,7.9,
87.46,100001001,0401,2018-06-14,14,40,10,0.687395891,0.078845086,28,1,7.9,
29.78,100001001,0401,2018-06-14,15,44,4,0.72570794,0.038312049,24,1,7.9,
8.33,100001001,0401,2018-06-14,16,45,1,0.747917823,0.022209883,23,1,7.9,
15.48,100001001,0401,2018-06-14,17,47,2,0.788450861,0.040533037,21,1,6.9,
6.76,100001001,0401,2018-06-14,18,48,1,0.824541921,0.036091061,20,1,6.9,
17,100001001,0401,2018-06-14,19,51,3,0.873403665,0.048861743,17,1,4.9,
0,100001001,0401,2018-06-14,20,51,0,0.915047196,0.041643531,17,1,4.9,
2.32,100001001,0401,2018-06-14,21,52,1,0.940033315,0.024986119,16,1,4.9,
26.72,100001001,0401,2018-06-14,22,56,4,0.961687951,0.021654636,12,1,4.9,
7.12,100001001,0401,2018-06-14,23,58,2,0.98667407,0.024986119,9,1,2.9,
86.99,100001001,0401,2018-06-15,13,25,10,0.637920489,0.17675841,35,1,6.9,
36.18,100001001,0401,2018-06-15,14,29,4,0.716207951,0.078287462,31,1,6.9,
47,100001001,0401,2018-06-15,15,36,7,0.754740061,0.03853211,24,1,6.9,
46.88,100001001,0401,2018-06-15,16,44,8,0.780428135,0.025688073,10,1,6.9,
0,100001001,0401,2018-06-15,17,44,0,0.803058104,0.022629969,10,1,6.9,
0,100001001,0401,2018-06-15,18,44,0,0.840366972,0.037308869,10,1,5.9,
19.5,100001001,0401,2018-06-15,19,47,3,0.881957187,0.041590214,7,1,4.9,
10.68,100001001,0401,2018-06-15,20,50,3,0.914984709,0.033027523,4,1,4.9,
13.21,100001001,0401,2018-06-15,21,53,3,0.943119266,0.028134557,1,1,5.9,
0,100001001,0401,2018-06-15,22,53,0,0.96941896,0.026299694,1,1,5.9,
0,100001001,0401,2018-06-15,23,53,0,0.989602446,0.020183486,1,1,2.9,
286.93,100001001,0401,2018-06-19,13,37,31,0.618099032,0.203187251,31,0,,
76.92,100001001,0401,2018-06-19,14,47,10,0.698349459,0.080250427,22,0,,
41.47,100001001,0401,2018-06-19,15,51,4,0.735913489,0.03756403,18,0,,
24.9,100001001,0401,2018-06-19,16,54,3,0.758679567,0.022766079,15,0,,
19.42,100001001,0401,2018-06-19,17,56,2,0.795674445,0.036994878,13,0,,
0,100001001,0401,2018-06-19,18,56,0,0.828685259,0.033010814,13,1,6.9,
7.37,100001001,0401,2018-06-19,19,57,1,0.880478088,0.051792829,12,1,6.9,
21.96,100001001,0401,2018-06-19,20,62,5,0.918611269,0.038133182,7,1,6.9,
3.92,100001001,0401,2018-06-19,21,63,1,0.946499715,0.027888446,6,0,,
8.8,100001001,0401,2018-06-19,22,64,1,0.965850882,0.019351167,5,1,6.9,
3.92,100001001,0401,2018-06-19,23,65,1,0.985771201,0.019920319,4,1,2.9,
152.08,100001001,0401,2018-06-20,13,30,17,0.628650138,0.184022039,41,0,,
57.96,100001001,0401,2018-06-20,14,37,7,0.703030303,0.074380165,35,0,,
50.41,100001001,0401,2018-06-20,15,43,6,0.747107438,0.044077135,29,0,,
0,100001001,0401,2018-06-20,16,43,0,0.770798898,0.02369146,29,0,,
0,100001001,0401,2018-06-20,17,43,0,0.8,0.029201102,29,1,6.9,
0,100001001,0401,2018-06-20,18,43,0,0.839118457,0.039118457,29,1,6.9,
34.97,100001001,0401,2018-06-20,19,49,6,0.873829201,0.034710744,23,1,5.9,
24.84,100001001,0401,2018-06-20,20,54,5,0.909641873,0.035812672,17,1,4.9,
11.25,100001001,0401,2018-06-20,21,57,3,0.936639118,0.026997245,15,1,4.9,
25.58,100001001,0401,2018-06-20,22,62,5,0.962534435,0.025895317,10,1,5.9,
4.87,100001001,0401,2018-06-20,23,63,1,0.987327824,0.024793388,9,1,2.9,
142.51,100001001,0401,2018-06-21,13,29,17,0.613599568,0.170534269,44,0,,
75.27,100001001,0401,2018-06-21,14,39,10,0.700485699,0.086886131,33,0,,
62.86,100001001,0401,2018-06-21,15,47,8,0.742039935,0.041554236,26,0,,
8.33,100001001,0401,2018-06-21,16,48,1,0.771721533,0.029681597,25,0,,
26.77,100001001,0401,2018-06-21,17,51,3,0.806260119,0.034538586,22,1,7.9,
19.31,100001001,0401,2018-06-21,18,53,2,0.839179709,0.03291959,20,1,7.9,
0,100001001,0401,2018-06-21,19,53,0,0.878575283,0.039395575,20,1,5.9,
18.95,100001001,0401,2018-06-21,20,57,4,0.908256881,0.029681597,16,1,4.9,
0,100001001,0401,2018-06-21,21,57,0,0.935240151,0.02698327,16,1,4.9,
10.86,100001001,0401,2018-06-21,22,60,3,0.963302752,0.028062601,13,1,4.9,
19.62,100001001,0401,2018-06-21,23,63,3,0.985968699,0.022665947,10,1,2.9,
124.96,100001001,0401,2018-06-22,13,28,14,0.641316686,0.178206583,39,0,,
23.46,100001001,0401,2018-06-22,14,31,3,0.708286039,0.066969353,36,0,,
34.02,100001001,0401,2018-06-22,15,35,4,0.745743473,0.037457435,32,0,,
0,100001001,0401,2018-06-22,16,35,0,0.764472191,0.018728717,32,0,,
10.62,100001001,0401,2018-06-22,17,36,1,0.797956867,0.033484677,31,1,6.9,
14.35,100001001,0401,2018-06-22,18,39,3,0.838251986,0.040295119,28,1,6.9,
49.12,100001001,0401,2018-06-22,19,46,7,0.887627696,0.049375709,21,1,5.9,
31.85,100001001,0401,2018-06-22,20,54,8,0.927922815,0.040295119,12,1,5.9,
9.7,100001001,0401,2018-06-22,21,56,2,0.951759364,0.023836549,11,1,5.9,
10.61,100001001,0401,2018-06-22,22,59,3,0.97446084,0.022701476,8,1,5.9,
0,100001001,0401,2018-06-22,23,59,0,0.988081725,0.013620885,8,1,2.9,
154.7,100001001,0401,2018-06-25,13,31,17,0.642895157,0.214475785,31,0,,
41.8,100001001,0401,2018-06-25,14,36,5,0.708887706,0.065992549,26,0,,
0,100001001,0401,2018-06-25,15,36,0,0.746141565,0.037253858,26,0,,
24.8,100001001,0401,2018-06-25,16,39,3,0.772219266,0.026077701,23,0,,
8,100001001,0401,2018-06-25,17,40,1,0.799361362,0.027142097,22,1,8.9,
26.48,100001001,0401,2018-06-25,18,43,3,0.832889835,0.033528473,19,1,8.9,
34.26,100001001,0401,2018-06-25,19,47,4,0.873336881,0.040447046,15,1,7.9,
18.37,100001001,0401,2018-06-25,20,50,3,0.90792975,0.034592869,12,1,6.9,
12.28,100001001,0401,2018-06-25,21,52,2,0.934007451,0.026077701,10,1,6.9,
11.04,100001001,0401,2018-06-25,22,54,2,0.964874933,0.030867483,8,1,6.9,
5.52,100001001,0401,2018-06-25,23,55,1,0.986162853,0.021287919,7,1,3.9,
277.3,100001001,0401,2018-06-26,13,39,29,0.615217391,0.189673913,29,0,,
30.1,100001001,0401,2018-06-26,14,42,3,0.7,0.084782609,28,1,8.9,
35.43,100001001,0401,2018-06-26,15,46,4,0.726086957,0.026086957,24,1,8.9,
0,100001001,0401,2018-06-26,16,46,0,0.760869565,0.034782609,24,1,8.9,
0,100001001,0401,2018-06-26,17,46,0,0.790217391,0.029347826,24,1,7.9,
21,100001001,0401,2018-06-26,18,49,3,0.819565217,0.029347826,21,1,7.9,
16.36,100001001,0401,2018-06-26,19,51,2,0.858152174,0.038586957,19,1,5.9,
23.75,100001001,0401,2018-06-26,20,56,5,0.901086957,0.042934783,14,1,6.9,
0,100001001,0401,2018-06-26,21,56,0,0.92826087,0.027173913,14,1,5.9,
14.31,100001001,0401,2018-06-26,22,59,3,0.958695652,0.030434783,11,1,6.9,
3.82,100001001,0401,2018-06-26,23,60,1,0.982608696,0.023913043,10,1,3.9,
209.1,100001001,0401,2018-06-27,13,42,23,0.6378579,0.170201485,23,0,,
51.6,100001001,0401,2018-06-27,14,48,6,0.706256628,0.068398727,17,0,,
48.1,100001001,0401,2018-06-27,15,53,5,0.745493107,0.039236479,12,0,,
0,100001001,0401,2018-06-27,16,53,0,0.766171792,0.020678685,12,0,,
7.8,100001001,0401,2018-06-27,17,54,1,0.804878049,0.038706257,11,0,,
8,100001001,0401,2018-06-27,18,55,1,0.833510074,0.028632025,10,0,,
0,100001001,0401,2018-06-27,19,55,0,0.867444327,0.033934252,10,0,,
17.8,100001001,0401,2018-06-27,20,57,2,0.901378579,0.033934252,8,0,,
0,100001001,0401,2018-06-27,21,57,0,0.934782609,0.03340403,8,1,7.9,
17.18,100001001,0401,2018-06-27,22,60,3,0.963414634,0.028632025,5,1,7.9,
0,100001001,0401,2018-06-27,23,60,0,0.98621421,0.022799576,5,1,3.9,
170.9,100001001,0401,2018-06-28,13,30,18,0.619244697,0.155199172,24,0,,
17.8,100001001,0401,2018-06-28,14,32,2,0.6937403,0.074495603,22,1,8.9,
6.94,100001001,0401,2018-06-28,15,33,1,0.722710812,0.028970512,21,1,8.9,
46.7,100001001,0401,2018-06-28,16,39,6,0.75685463,0.034143818,15,0,,
22.3,100001001,0401,2018-06-28,17,41,2,0.777030523,0.020175892,13,0,,
8.8,100001001,0401,2018-06-28,18,42,1,0.814795654,0.037765132,12,0,,
9.8,100001001,0401,2018-06-28,19,43,1,0.853595447,0.038799793,11,1,7.9,
13.52,100001001,0401,2018-06-28,20,45,2,0.894464563,0.040869115,9,1,7.9,
7.74,100001001,0401,2018-06-28,21,46,1,0.928608381,0.034143818,8,1,7.9,
0,100001001,0401,2018-06-28,22,46,0,0.959130885,0.030522504,8,1,6.9,
11.48,100001001,0401,2018-06-28,23,48,2,0.977754785,0.018623901,6,1,3.9,
127.2,100001001,0401,2018-06-29,13,34,15,0.645435244,0.170912951,27,0,,
105.1,100001001,0401,2018-06-29,14,45,11,0.714968153,0.069532909,14,0,,
27.4,100001001,0401,2018-06-29,15,48,3,0.753715499,0.038747346,11,0,,
9.8,100001001,0401,2018-06-29,16,49,1,0.77866242,0.024946921,10,0,,
0,100001001,0401,2018-06-29,17,49,0,0.803609342,0.024946921,10,0,,
15.8,100001001,0401,2018-06-29,18,51,2,0.845010616,0.041401274,8,0,,
0,100001001,0401,2018-06-29,19,51,0,0.875796178,0.030785563,8,1,7.9,
15.48,100001001,0401,2018-06-29,20,53,2,0.901804671,0.026008493,6,1,7.9,
7.74,100001001,0401,2018-06-29,21,54,1,0.930997877,0.029193206,5,1,7.9,
14.99,100001001,0401,2018-06-29,22,56,2,0.963375796,0.032377919,3,1,6.9,
6.76,100001001,0401,2018-06-29,23,57,1,0.983545648,0.020169851,2,1,3.9,
102.89,100001001,0401,2018-07-02,13,17,13,0.633643617,0.20212766,49,1,6.9,
24.1,100001001,0401,2018-07-02,14,20,3,0.706117021,0.072473404,46,1,6.9,
27.8,100001001,0401,2018-07-02,15,24,4,0.738696809,0.032579787,42,1,5.9,
12.86,100001001,0401,2018-07-02,16,27,3,0.777260638,0.03856383,38,1,5.9,
7.84,100001001,0401,2018-07-02,17,29,2,0.798537234,0.021276596,37,1,5.9,
5.78,100001001,0401,2018-07-02,18,30,1,0.830452128,0.031914894,36,1,5.9,
16.43,100001001,0401,2018-07-02,19,33,3,0.870345745,0.039893617,33,1,3.9,
18.32,100001001,0401,2018-07-02,20,36,3,0.916888298,0.046542553,30,1,3.9,
0,100001001,0401,2018-07-02,21,36,0,0.942819149,0.025930851,30,1,3.9,
0,100001001,0401,2018-07-02,22,36,0,0.967420213,0.024601064,30,1,3.9,
51.84,100001001,0401,2018-07-02,23,43,7,0.986037234,0.018617021,23,1,2.9,
117,100001001,0401,2018-07-03,13,18,15,0.621875,0.19375,46,1,6.9,
8,100001001,0401,2018-07-03,14,19,1,0.699375,0.0775,45,1,6.9,
11.84,100001001,0401,2018-07-03,15,21,2,0.74,0.040625,43,1,5.9,
12.61,100001001,0401,2018-07-03,16,23,2,0.77,0.03,41,1,5.9,
3.04,100001001,0401,2018-07-03,17,24,1,0.8,0.03,39,1,5.9,
5.78,100001001,0401,2018-07-03,18,25,1,0.83625,0.03625,38,1,5.9,
9.59,100001001,0401,2018-07-03,19,27,2,0.879375,0.043125,37,1,5.9,
11.94,100001001,0401,2018-07-03,20,30,3,0.91875,0.039375,34,1,5.9,
8.9,100001001,0401,2018-07-03,21,32,2,0.94125,0.0225,32,1,4.9,
8.23,100001001,0401,2018-07-03,22,34,2,0.9625,0.02125,30,1,4.9,
13.22,100001001,0401,2018-07-03,23,37,3,0.985,0.0225,27,1,4.9,
150.59,100001001,0401,2018-07-04,13,27,18,0.625218914,0.17571512,29,1,6.9,
22.06,100001001,0401,2018-07-04,14,30,3,0.715119673,0.089900759,26,1,6.9,
16.12,100001001,0401,2018-07-04,15,32,2,0.747810858,0.032691185,24,1,6.9,
5.52,100001001,0401,2018-07-04,16,33,1,0.775248103,0.027437245,23,1,5.9,
15.56,100001001,0401,2018-07-04,17,36,3,0.813193228,0.037945126,20,1,6.9,
21.23,100001001,0401,2018-07-04,18,39,3,0.845300642,0.032107414,17,1,6.9,
51.94,100001001,0401,2018-07-04,19,48,9,0.892586106,0.047285464,9,0,,
43.6,100001001,0401,2018-07-04,20,54,6,0.928779918,0.036193812,3,0,,
0,100001001,0401,2018-07-04,21,54,0,0.948044367,0.019264448,3,0,,
25.35,100001001,0401,2018-07-04,22,57,3,0.968476357,0.020431991,0,0,,
0,100001001,0401,2018-07-04,23,57,0,0.99007589,0.021599533,0,0,,
80.61,100001001,0401,2018-07-05,13,25,11,0.640121581,0.162917933,28,1,6.9,
37.92,100001001,0401,2018-07-05,14,30,5,0.720972644,0.080851064,23,1,6.9,
29.88,100001001,0401,2018-07-05,15,34,4,0.755015198,0.034042553,18,1,6.9,
14.06,100001001,0401,2018-07-05,16,36,2,0.781762918,0.02674772,17,1,6.9,
5.52,100001001,0401,2018-07-05,17,37,1,0.812765957,0.03100304,16,1,6.9,
21.09,100001001,0401,2018-07-05,18,40,3,0.843768997,0.03100304,13,0,,
15.48,100001001,0401,2018-07-05,19,42,2,0.885106383,0.041337386,11,0,,
14.06,100001001,0401,2018-07-05,20,44,2,0.917325228,0.032218845,9,1,6.9,
8,100001001,0401,2018-07-05,21,45,1,0.939209726,0.021884498,8,1,3.9,
5.3,100001001,0401,2018-07-05,22,47,2,0.965349544,0.026139818,6,1,3.9,
9.06,100001001,0401,2018-07-05,23,50,3,0.987841945,0.022492401,0,0,,
90.79,100001001,0401,2018-07-06,13,26,11,0.646916566,0.185610641,20,0,,
47,100001001,0401,2018-07-06,14,32,6,0.732769045,0.085852479,14,0,,
37.28,100001001,0401,2018-07-06,15,37,5,0.76783555,0.035066505,9,0,,
0,100001001,0401,2018-07-06,16,37,0,0.788391778,0.020556227,8,0,,
6.32,100001001,0401,2018-07-06,17,38,1,0.811366385,0.022974607,7,0,,
7.74,100001001,0401,2018-07-06,18,39,1,0.843409915,0.032043531,6,0,,
0,100001001,0401,2018-07-06,19,39,0,0.882708585,0.03929867,6,0,,
34.44,100001001,0401,2018-07-06,20,44,5,0.915961306,0.033252721,1,0,,
6.32,100001001,0401,2018-07-06,21,45,1,0.944377267,0.028415961,0,0,,
0,100001001,0401,2018-07-06,22,45,0,0.965538089,0.021160822,0,0,,
0,100001001,0401,2018-07-06,23,45,0,0.986094317,0.020556227,0,0,,
206,100001001,0401,2018-07-09,13,28,22,0.662322946,0.225495751,36,1,8.9,
57,100001001,0401,2018-07-09,14,34,6,0.742209632,0.079886686,30,1,8.9,
74.15,100001001,0401,2018-07-09,15,42,8,0.776770538,0.034560907,23,1,8.9,
34.02,100001001,0401,2018-07-09,16,45,3,0.796033994,0.019263456,18,0,,
0,100001001,0401,2018-07-09,17,45,0,0.826062323,0.030028329,18,1,8.9,
8.62,100001001,0401,2018-07-09,18,46,1,0.850424929,0.024362606,17,1,8.9,
8,100001001,0401,2018-07-09,19,47,1,0.899150142,0.048725212,16,1,8.9,
17.8,100001001,0401,2018-07-09,20,49,2,0.932011331,0.03286119,15,1,7.9,
12.64,100001001,0401,2018-07-09,21,51,2,0.95184136,0.019830028,13,1,4.9,
20.48,100001001,0401,2018-07-09,22,56,5,0.975070822,0.023229462,7,1,4.9,
8,100001001,0401,2018-07-09,23,57,1,0.990934844,0.015864023,0,0,,
149.3,100001001,0401,2018-07-10,13,30,16,0.653012048,0.176506024,30,1,8.9,
49.63,100001001,0401,2018-07-10,14,36,6,0.722891566,0.069879518,24,1,8.9,
25.72,100001001,0401,2018-07-10,15,39,3,0.759036145,0.036144578,21,1,8.9,
0,100001001,0401,2018-07-10,16,39,0,0.772891566,0.013855422,21,1,8.9,
15.84,100001001,0401,2018-07-10,17,41,2,0.803614458,0.030722892,18,1,7.9,
6.32,100001001,0401,2018-07-10,18,42,1,0.839759036,0.036144578,18,1,7.9,
14.06,100001001,0401,2018-07-10,19,44,2,0.877108434,0.037349398,16,1,7.9,
0,100001001,0401,2018-07-10,20,44,0,0.912650602,0.035542169,16,1,7.9,
6.32,100001001,0401,2018-07-10,21,45,1,0.941566265,0.028915663,15,1,4.9,
4.8,100001001,0401,2018-07-10,22,46,1,0.959638554,0.018072289,14,1,4.9,
11.92,100001001,0401,2018-07-10,23,48,2,0.988554217,0.028915663,12,1,4.9,
120.2,100001001,0401,2018-07-11,13,19,13,0.697060588,0.221355729,44,1,7.9,
69.64,100001001,0401,2018-07-11,14,27,8,0.75944811,0.062387522,36,1,8.9,
54.03,100001001,0401,2018-07-11,15,33,6,0.785842831,0.026394721,30,1,7.9,
8,100001001,0401,2018-07-11,16,34,1,0.809838032,0.023995201,29,1,6.9,
15.9,100001001,0401,2018-07-11,17,36,2,0.842231554,0.032393521,27,1,6.9,
6.76,100001001,0401,2018-07-11,18,37,1,0.871625675,0.029394121,26,1,6.9,
44.84,100001001,0401,2018-07-11,19,44,7,0.917816437,0.046190762,19,1,7.9,
7.74,100001001,0401,2018-07-11,20,45,1,0.947810438,0.029994001,18,1,6.9,
0,100001001,0401,2018-07-11,21,45,0,0.959808038,0.0119976,18,1,4.9,
0,100001001,0401,2018-07-11,22,45,0,0.973605279,0.013797241,18,1,4.9,
4.8,100001001,0401,2018-07-11,23,46,1,0.986802639,0.013197361,17,1,4.9,
150,100001001,0401,2018-07-12,13,19,16,0.638871858,0.172286941,41,1,7.9,
33.29,100001001,0401,2018-07-12,14,23,4,0.712446352,0.073574494,38,1,7.9,
8,100001001,0401,2018-07-12,15,24,1,0.755364807,0.042918455,37,1,6.9,
51.82,100001001,0401,2018-07-12,16,30,6,0.779276517,0.023911711,31,1,6.9,
12.56,100001001,0401,2018-07-12,17,32,2,0.806866953,0.027590435,29,1,6.9,
4.6,100001001,0401,2018-07-12,18,33,1,0.839362354,0.032495402,28,1,6.9,
6.76,100001001,0401,2018-07-12,19,34,1,0.8908645,0.051502146,27,1,6.9,
10.71,100001001,0401,2018-07-12,20,36,2,0.916615573,0.025751073,25,1,6.9,
17.17,100001001,0401,2018-07-12,21,38,2,0.939914163,0.02329859,23,1,4.9,
28.7,100001001,0401,2018-07-12,22,45,7,0.973022685,0.033108522,16,1,4.9,
0,100001001,0401,2018-07-12,23,45,0,0.99202943,0.019006744,16,1,4.9,
138.9,100001001,0401,2018-07-13,13,22,15,0.624925816,0.163204748,37,1,8.9,
20.24,100001001,0401,2018-07-13,14,24,2,0.70504451,0.080118694,35,1,7.9,
17.87,100001001,0401,2018-07-13,15,26,2,0.745400593,0.040356083,33,1,6.9,
16.75,100001001,0401,2018-07-13,16,30,4,0.772106825,0.026706231,29,1,6.9,
5.52,100001001,0401,2018-07-13,17,31,1,0.805341246,0.033234421,28,1,6.9,
52.65,100001001,0401,2018-07-13,18,37,6,0.835014837,0.029673591,22,1,6.9,
23.25,100001001,0401,2018-07-13,19,41,4,0.876557864,0.041543027,18,1,7.9,
31.76,100001001,0401,2018-07-13,20,46,5,0.914540059,0.037982196,13,1,7.9,
22.68,100001001,0401,2018-07-13,21,49,3,0.941246291,0.026706231,10,1,4.9,
23.12,100001001,0401,2018-07-13,22,54,5,0.967952522,0.026706231,5,0,,
17.8,100001001,0401,2018-07-13,23,56,2,0.983382789,0.015430267,3,0,,
190.5,100001001,0401,2018-07-16,13,29,20,0.658134243,0.217292378,22,0,,
43.6,100001001,0401,2018-07-16,14,34,5,0.737201365,0.079067122,17,0,,
20.5,100001001,0401,2018-07-16,15,36,2,0.773606371,0.036405006,15,0,,
0,100001001,0401,2018-07-16,16,36,0,0.800341297,0.026734926,15,0,,
8,100001001,0401,2018-07-16,17,37,1,0.823094425,0.022753129,14,0,,
17.8,100001001,0401,2018-07-16,18,39,2,0.855517634,0.032423208,12,0,,
30.3,100001001,0401,2018-07-16,19,42,3,0.906143345,0.050625711,9,0,,
8,100001001,0401,2018-07-16,20,43,1,0.937997725,0.03185438,8,1,8.9,
30.7,100001001,0401,2018-07-16,21,47,4,0.960182025,0.0221843,4,0,,
9.8,100001001,0401,2018-07-16,22,48,1,0.977246871,0.017064846,3,0,,
9.8,100001001,0401,2018-07-16,23,49,1,0.99032992,0.013083049,2,0,,
171.8,100001001,0401,2018-07-17,13,32,18,0.664542294,0.213789108,24,0,,
33.8,100001001,0401,2018-07-17,14,36,4,0.749710313,0.085168019,20,0,,
23.8,100001001,0401,2018-07-17,15,39,3,0.775782155,0.026071842,17,0,,
8,100001001,0401,2018-07-17,16,40,1,0.793742758,0.017960603,16,0,,
0,100001001,0401,2018-07-17,17,40,0,0.815179606,0.021436848,16,0,,
33.8,100001001,0401,2018-07-17,18,44,4,0.846465817,0.031286211,12,0,,
37.4,100001001,0401,2018-07-17,19,48,4,0.887022016,0.040556199,8,0,,
0,100001001,0401,2018-07-17,20,48,0,0.90787949,0.020857474,8,0,,
0,100001001,0401,2018-07-17,21,48,0,0.931633835,0.023754345,8,0,,
9.8,100001001,0401,2018-07-17,22,49,1,0.961181924,0.029548088,7,1,4.9,
0,100001001,0401,2018-07-17,23,49,0,0.984936269,0.023754345,0,0,,
112.2,100001001,0401,2018-07-18,13,20,12,0.62755102,0.150793651,32,1,8.9,
33.8,100001001,0401,2018-07-18,14,24,4,0.727891156,0.100340136,28,1,8.9,
0,100001001,0401,2018-07-18,15,24,0,0.755102041,0.027210884,28,1,7.9,
9.14,100001001,0401,2018-07-18,16,25,1,0.784580499,0.029478458,27,1,6.9,
0,100001001,0401,2018-07-18,17,25,0,0.811791383,0.027210884,27,1,6.9,
9.83,100001001,0401,2018-07-18,18,27,2,0.842403628,0.030612245,25,1,6.9,
29.47,100001001,0401,2018-07-18,19,32,5,0.884353741,0.041950113,19,1,6.9,
29.97,100001001,0401,2018-07-18,20,37,5,0.917800454,0.033446712,15,1,6.9,
13.52,100001001,0401,2018-07-18,21,39,2,0.945578231,0.027777778,13,1,4.9,
0,100001001,0401,2018-07-18,22,39,0,0.965986395,0.020408163,13,1,4.9,
0,100001001,0401,2018-07-18,23,39,0,0.984126984,0.01814059,13,1,4.9,
153.6,100001001,0401,2018-07-19,13,25,15,0.645074946,0.180406852,22,0,,
12.5,100001001,0401,2018-07-19,14,26,1,0.710920771,0.065845824,21,1,8.9,
17.8,100001001,0401,2018-07-19,15,28,2,0.75267666,0.041755889,19,1,8.9,
0,100001001,0401,2018-07-19,16,28,0,0.771413276,0.018736617,19,1,7.9,
0,100001001,0401,2018-07-19,17,28,0,0.799250535,0.027837259,19,1,7.9,
12.5,100001001,0401,2018-07-19,18,29,1,0.835117773,0.035867238,18,1,6.9,
30.13,100001001,0401,2018-07-19,19,33,4,0.880620985,0.045503212,14,1,7.9,
34.7,100001001,0401,2018-07-19,20,38,5,0.923447537,0.042826552,9,1,7.9,
12.64,100001001,0401,2018-07-19,21,40,2,0.942719486,0.019271949,7,1,4.9,
28.22,100001001,0401,2018-07-19,22,47,7,0.96359743,0.020877944,0,0,,
0,100001001,0401,2018-07-19,23,47,0,0.98608137,0.02248394,0,0,,
180.8,100001001,0401,2018-07-20,13,26,19,0.669407895,0.179276316,24,0,,
24,100001001,0401,2018-07-20,14,29,3,0.735745614,0.066337719,20,1,8.9,
48.14,100001001,0401,2018-07-20,15,34,5,0.76370614,0.027960526,16,0,,
0,100001001,0401,2018-07-20,16,34,0,0.789473684,0.025767544,16,1,8.9,
15.12,100001001,0401,2018-07-20,17,36,2,0.815241228,0.025767544,14,0,,
19.6,100001001,0401,2018-07-20,18,38,2,0.847039474,0.031798246,12,0,,
9.8,100001001,0401,2018-07-20,19,39,1,0.882675439,0.035635965,11,1,8.9,
7.12,100001001,0401,2018-07-20,20,40,1,0.924342105,0.041666667,10,1,8.9,
7.12,100001001,0401,2018-07-20,21,41,1,0.944627193,0.020285088,9,1,4.9,
12.34,100001001,0401,2018-07-20,22,44,3,0.972587719,0.027960526,6,1,4.9,
7.54,100001001,0401,2018-07-20,23,46,2,0.990131579,0.01754386,4,1,4.9,
207.2,100001001,0401,2018-07-23,13,37,21,0.666120219,0.21147541,21,0,,
69.4,100001001,0401,2018-07-23,14,44,7,0.743169399,0.07704918,14,0,,
37.3,100001001,0401,2018-07-23,15,48,4,0.777595628,0.03442623,10,0,,
22.3,100001001,0401,2018-07-23,16,50,2,0.800546448,0.02295082,8,0,,
0,100001001,0401,2018-07-23,17,50,0,0.832240437,0.031693989,8,0,,
0,100001001,0401,2018-07-23,18,50,0,0.859562842,0.027322404,8,0,,
12.5,100001001,0401,2018-07-23,19,51,1,0.89726776,0.037704918,7,0,,
0,100001001,0401,2018-07-23,20,51,0,0.933879781,0.036612022,7,0,,
12.5,100001001,0401,2018-07-23,21,52,1,0.950273224,0.016393443,6,0,,
9.8,100001001,0401,2018-07-23,22,53,1,0.977595628,0.027322404,5,1,8.9,
7.74,100001001,0401,2018-07-23,23,54,1,0.991803279,0.01420765,4,1,8.9,
176.7,100001001,0401,2018-07-24,13,32,18,0.648526077,0.193310658,22,0,,
27.6,100001001,0401,2018-07-24,14,35,3,0.710884354,0.062358277,19,0,,
22.3,100001001,0401,2018-07-24,15,37,2,0.746031746,0.035147392,17,0,,
8,100001001,0401,2018-07-24,16,38,1,0.768707483,0.022675737,16,0,,
0,100001001,0401,2018-07-24,17,38,0,0.803854875,0.035147392,16,0,,
25.3,100001001,0401,2018-07-24,18,40,2,0.833900227,0.030045351,14,0,,
9.8,100001001,0401,2018-07-24,19,41,1,0.883219955,0.049319728,13,1,6.9,
21.16,100001001,0401,2018-07-24,20,45,4,0.930839002,0.047619048,9,1,8.9,
9.8,100001001,0401,2018-07-24,21,46,1,0.955782313,0.024943311,8,1,8.9,
20.38,100001001,0401,2018-07-24,22,49,3,0.98015873,0.024376417,5,1,8.9,
15.04,100001001,0401,2018-07-24,23,51,2,0.994897959,0.014739229,2,1,8.9,
61.9,100001001,0401,2018-07-25,13,21,7,0.645744681,0.162234043,33,1,8.9,
8,100001001,0401,2018-07-25,14,22,1,0.712765957,0.067021277,32,1,8.9,
87.02,100001001,0401,2018-07-25,15,31,9,0.745212766,0.032446809,23,1,8.9,
29.1,100001001,0401,2018-07-25,16,34,3,0.772340426,0.02712766,20,1,8.9,
5.52,100001001,0401,2018-07-25,17,35,1,0.79893617,0.026595745,19,1,7.9,
16.56,100001001,0401,2018-07-25,18,37,2,0.834042553,0.035106383,17,1,6.9,
0,100001001,0401,2018-07-25,19,37,0,0.884574468,0.050531915,17,1,6.9,
7.24,100001001,0401,2018-07-25,20,38,1,0.919148936,0.034574468,16,1,5.9,
6.19,100001001,0401,2018-07-25,21,39,1,0.94893617,0.029787234,15,1,8.9,
0,100001001,0401,2018-07-25,22,39,0,0.976595745,0.027659574,17,1,8.9,
0,100001001,0401,2018-07-25,23,39,0,0.989893617,0.013297872,17,1,8.9,
262.6,100001001,0401,2018-07-26,13,42,28,0.650338718,0.164147994,12,0,,
16,100001001,0401,2018-07-26,14,44,2,0.72746222,0.077123502,11,0,,
20.5,100001001,0401,2018-07-26,15,46,2,0.760291819,0.032829599,9,0,,
9.8,100001001,0401,2018-07-26,16,47,1,0.785825951,0.025534132,8,0,,
0,100001001,0401,2018-07-26,17,47,0,0.81865555,0.032829599,8,0,,
0,100001001,0401,2018-07-26,18,47,0,0.848879625,0.030224075,8,0,,
0,100001001,0401,2018-07-26,19,47,0,0.88796248,0.039082856,8,0,,
10.5,100001001,0401,2018-07-26,20,48,1,0.919228765,0.031266285,7,0,,
10.5,100001001,0401,2018-07-26,21,49,1,0.94945284,0.030224075,6,0,,
0,100001001,0401,2018-07-26,22,49,0,0.978634706,0.029181866,6,1,8.9,
9.34,100001001,0401,2018-07-26,23,50,1,0.994788953,0.016154247,5,1,8.9,
133.3,100001001,0401,2018-07-27,13,28,15,0.665742794,0.190687361,26,1,8.9,
40.1,100001001,0401,2018-07-27,14,32,4,0.733370288,0.067627494,22,1,8.9,
34.51,100001001,0401,2018-07-27,15,36,4,0.764412417,0.031042129,18,1,8.9,
8,100001001,0401,2018-07-27,16,37,1,0.784922395,0.020509978,17,1,8.9,
30.23,100001001,0401,2018-07-27,17,41,4,0.81097561,0.026053215,13,0,,
25.8,100001001,0401,2018-07-27,18,44,3,0.838137472,0.027161863,10,0,,
10.5,100001001,0401,2018-07-27,19,45,1,0.884700665,0.046563193,9,0,,
0,100001001,0401,2018-07-27,20,45,0,0.918514412,0.033813747,9,1,6.9,
11.26,100001001,0401,2018-07-27,21,47,2,0.94789357,0.029379157,7,1,4.9,
8.72,100001001,0401,2018-07-27,22,49,2,0.972283814,0.024390244,5,1,4.9,
0,100001001,0401,2018-07-27,23,49,0,0.987250554,0.014966741,5,1,4.9,
121.9,100001001,0401,2018-07-30,13,25,13,0.658787256,0.183967112,32,1,8.9,
48.17,100001001,0401,2018-07-30,14,31,6,0.727646454,0.068859198,26,1,8.9,
45.41,100001001,0401,2018-07-30,15,36,5,0.763103803,0.035457348,20,1,8.9,
16.92,100001001,0401,2018-07-30,16,38,2,0.784172662,0.021068859,18,1,8.9,
6.07,100001001,0401,2018-07-30,17,39,1,0.804727646,0.020554985,17,1,7.9,
6.76,100001001,0401,2018-07-30,18,40,1,0.841726619,0.036998972,16,1,7.9,
22.18,100001001,0401,2018-07-30,19,43,3,0.892600206,0.050873587,13,1,7.9,
23.77,100001001,0401,2018-07-30,20,46,3,0.922404933,0.029804728,10,1,7.9,
0,100001001,0401,2018-07-30,21,46,0,0.943473792,0.021068859,10,1,4.9,
16.15,100001001,0401,2018-07-30,22,50,4,0.968653649,0.025179856,6,1,4.9,
16.46,100001001,0401,2018-07-30,23,54,4,0.990236382,0.021582734,1,0,,
135.3,100001001,0401,2018-07-31,13,23,14,0.671421294,0.196128375,30,1,8.9,
25.44,100001001,0401,2018-07-31,14,26,3,0.743759552,0.072338258,27,1,8.9,
15.83,100001001,0401,2018-07-31,15,28,2,0.773815588,0.030056037,25,1,7.9,
0,100001001,0401,2018-07-31,16,28,0,0.799286806,0.025471218,25,1,6.9,
12.54,100001001,0401,2018-07-31,17,30,2,0.824248599,0.024961793,23,1,6.9,
11.3,100001001,0401,2018-07-31,18,32,2,0.858380031,0.034131431,21,1,6.9,
21.75,100001001,0401,2018-07-31,19,36,4,0.893020886,0.034640856,17,1,6.9,
8,100001001,0401,2018-07-31,20,37,1,0.926642894,0.033622007,16,1,6.9,
26.47,100001001,0401,2018-07-31,21,41,4,0.950585838,0.023942944,12,1,4.9,
21.89,100001001,0401,2018-07-31,22,44,3,0.973000509,0.022414671,9,1,4.9,
81,100001001,0401,2018-08-01,13,21,9,0.681630547,0.179050568,35,1,8.9,
16.55,100001001,0401,2018-08-01,14,23,2,0.747162023,0.065531476,33,1,7.9,
15.24,100001001,0401,2018-08-01,15,25,2,0.779153767,0.031991744,31,1,6.9,
27.36,100001001,0401,2018-08-01,16,30,5,0.807017544,0.027863777,25,1,6.9,
0,100001001,0401,2018-08-01,17,30,0,0.830753354,0.02373581,25,1,6.9,
6.19,100001001,0401,2018-08-01,18,31,1,0.864293086,0.033539732,24,1,6.9,
12.89,100001001,0401,2018-08-01,19,33,2,0.905572755,0.04127967,22,1,6.9,
39.3,100001001,0401,2018-08-01,20,39,6,0.936016512,0.030443756,16,1,6.9,
11.3,100001001,0401,2018-08-01,21,41,2,0.956656347,0.020639835,14,1,4.9,
9.8,100001001,0401,2018-08-01,22,42,1,0.974200206,0.01754386,13,1,4.9,
90.8,100001001,0401,2018-08-02,13,25,10,0.66156283,0.173178458,29,1,8.9,
9.8,100001001,0401,2018-08-02,14,26,1,0.728088701,0.066525871,28,1,8.9,
43.69,100001001,0401,2018-08-02,15,31,5,0.764519535,0.036430834,23,1,8.9,
0,100001001,0401,2018-08-02,16,31,0,0.794614572,0.030095037,23,1,6.9,
5.52,100001001,0401,2018-08-02,17,32,1,0.823653643,0.029039071,22,1,6.9,
0,100001001,0401,2018-08-02,18,32,0,0.856916579,0.033262936,22,1,6.9,
5.52,100001001,0401,2018-08-02,19,33,1,0.895459345,0.038542767,21,1,6.9,
21.75,100001001,0401,2018-08-02,20,37,4,0.932418163,0.036958817,17,1,6.9,
45.18,100001001,0401,2018-08-02,21,44,7,0.955121436,0.022703273,10,1,4.9,
8,100001001,0401,2018-08-02,22,45,1,0.974128828,0.019007392,9,1,4.9,
174.1,100001001,0401,2018-08-03,13,28,20,0.661979167,0.163541667,29,1,8.9,
30.83,100001001,0401,2018-08-03,14,31,3,0.729166667,0.0671875,26,1,8.9,
41.34,100001001,0401,2018-08-03,15,36,5,0.763541667,0.034375,21,1,8.9,
25.64,100001001,0401,2018-08-03,16,39,3,0.793229167,0.0296875,18,1,8.9,
0,100001001,0401,2018-08-03,17,39,0,0.8171875,0.023958333,18,1,7.9,
0,100001001,0401,2018-08-03,18,39,0,0.850520833,0.033333333,18,1,7.9,
0,100001001,0401,2018-08-03,19,39,0,0.890625,0.040104167,18,1,7.9,
6.76,100001001,0401,2018-08-03,20,40,1,0.919270833,0.028645833,17,1,6.9,
11.56,100001001,0401,2018-08-03,21,42,2,0.947395833,0.028125,15,1,4.9,
16.02,100001001,0401,2018-08-03,22,46,4,0.9703125,0.022916667,11,1,4.9,
140.8,100001001,0401,2018-08-06,13,20,15,0.64801343,0.183547846,30,1,8.9,
16,100001001,0401,2018-08-06,14,22,2,0.729714605,0.081701175,28,1,8.9,
37.4,100001001,0401,2018-08-06,15,26,4,0.759373251,0.029658646,24,1,7.9,
19.84,100001001,0401,2018-08-06,16,29,3,0.782876329,0.023503078,20,1,6.9,
12.28,100001001,0401,2018-08-06,17,31,2,0.81533296,0.032456631,18,1,7.9,
35.36,100001001,0401,2018-08-06,18,36,5,0.851147174,0.035814214,13,1,7.9,
32.49,100001001,0401,2018-08-06,19,40,4,0.895355344,0.04420817,9,0,,
0,100001001,0401,2018-08-06,20,40,0,0.933967543,0.038612199,9,1,8.9,
15.41,100001001,0401,2018-08-06,21,42,2,0.954672636,0.020705092,7,1,4.9,
4.8,100001001,0401,2018-08-06,22,43,1,0.979294908,0.024622272,6,1,4.9,
62.5,100001001,0401,2018-08-07,13,15,6,0.662169455,0.166216945,35,1,7.9,
0,100001001,0401,2018-08-07,14,15,0,0.725849973,0.063680518,35,1,7.9,
34.09,100001001,0401,2018-08-07,15,19,4,0.759309228,0.033459255,31,1,6.9,
5.14,100001001,0401,2018-08-07,16,20,1,0.78845116,0.029141932,30,1,6.9,
4.8,100001001,0401,2018-08-07,17,21,1,0.8143551,0.02590394,29,1,6.9,
15.38,100001001,0401,2018-08-07,18,24,3,0.848893686,0.034538586,26,1,6.9,
76.69,100001001,0401,2018-08-07,19,38,14,0.903399892,0.054506206,6,0,,
0,100001001,0401,2018-08-07,20,38,0,0.94009714,0.036697248,7,1,8.9,
0,100001001,0401,2018-08-07,21,38,0,0.957906098,0.017808958,7,1,4.9,
11.66,100001001,0401,2018-08-07,22,41,3,0.979492715,0.021586616,4,1,4.9,
96.47,100001001,0401,2018-08-08,13,24,13,0.646706587,0.154055525,24,1,6.9,
0,100001001,0401,2018-08-08,14,24,0,0.716385411,0.069678824,25,1,6.9,
42.94,100001001,0401,2018-08-08,15,30,6,0.756124115,0.039738704,19,1,6.9,
0,100001001,0401,2018-08-08,16,30,0,0.784431138,0.028307022,19,1,6.9,
21.42,100001001,0401,2018-08-08,17,33,3,0.807294502,0.022863364,16,1,6.9,
10.12,100001001,0401,2018-08-08,18,35,2,0.845944475,0.038649973,14,1,6.9,
43.03,100001001,0401,2018-08-08,19,42,7,0.903102885,0.05715841,7,0,,
20.64,100001001,0401,2018-08-08,20,45,3,0.931409907,0.028307022,4,0,,
15.5,100001001,0401,2018-08-08,21,46,1,0.943930321,0.012520414,3,0,,
6.32,100001001,0401,2018-08-08,22,47,1,0.968426783,0.024496462,2,0,,
106.08,100001001,0401,2018-08-09,13,26,14,0.682002022,0.179474216,28,1,6.9,
12.64,100001001,0401,2018-08-09,14,28,2,0.749241658,0.067239636,26,1,6.9,
34.99,100001001,0401,2018-08-09,15,33,5,0.781092012,0.031850354,21,1,6.9,
7.24,100001001,0401,2018-08-09,16,34,1,0.81041456,0.029322548,20,1,6.9,
14.13,100001001,0401,2018-08-09,17,36,2,0.83619818,0.02578362,18,1,6.9,
17.8,100001001,0401,2018-08-09,18,39,3,0.868554095,0.032355915,15,1,6.9,
37.51,100001001,0401,2018-08-09,19,45,6,0.912537917,0.043983822,9,0,,
0,100001001,0401,2018-08-09,20,45,0,0.940343782,0.027805865,9,1,6.9,
5.52,100001001,0401,2018-08-09,21,46,1,0.960566229,0.020222447,8,1,3.9,
0,100001001,0401,2018-08-09,22,46,0,0.977755308,0.01718908,8,1,3.9,
73.38,100001001,0401,2018-08-10,13,29,10,0.645594823,0.154305625,30,1,6.9,
39.35,100001001,0401,2018-08-10,14,34,5,0.720756595,0.075161772,25,1,6.9,
28.86,100001001,0401,2018-08-10,15,38,4,0.74763564,0.026879044,20,1,6.9,
23.48,100001001,0401,2018-08-10,16,41,3,0.779990045,0.032354405,17,1,6.9,
12.64,100001001,0401,2018-08-10,17,43,2,0.81085117,0.030861125,14,1,6.9,
5.78,100001001,0401,2018-08-10,18,44,1,0.844698855,0.033847685,14,1,6.9,
23.42,100001001,0401,2018-08-10,19,48,4,0.890990543,0.046291687,12,1,6.9,
40.46,100001001,0401,2018-08-10,20,54,6,0.923344948,0.032354405,5,0,,
8,100001001,0401,2018-08-10,21,55,1,0.947237432,0.023892484,5,0,,
0,100001001,0401,2018-08-10,22,55,0,0.974614236,0.027376804,5,1,3.9,
6.24,100001001,0401,2018-08-10,23,57,2,0.985564958,0.010950722,3,0,,
151,100001001,0401,2018-08-13,13,26,17,0.665793609,0.171293871,30,1,8.9,
34.7,100001001,0401,2018-08-13,14,30,4,0.741225773,0.075432163,26,1,8.9,
16,100001001,0401,2018-08-13,15,32,2,0.774227344,0.033001572,24,1,8.9,
18.98,100001001,0401,2018-08-13,16,34,2,0.796228392,0.022001048,21,1,8.9,
8.72,100001001,0401,2018-08-13,17,35,1,0.820848612,0.02462022,21,1,7.9,
27.14,100001001,0401,2018-08-13,18,39,4,0.862231535,0.041382923,16,1,7.9,
0,100001001,0401,2018-08-13,19,39,0,0.903614458,0.041382923,17,1,6.9,
26.55,100001001,0401,2018-08-13,20,42,3,0.934520691,0.030906234,14,1,6.9,
0,100001001,0401,2018-08-13,21,42,0,0.957045574,0.022524882,14,1,4.9,
19.58,100001001,0401,2018-08-13,22,47,5,0.977475118,0.020429544,9,1,4.9,
0,100001001,0401,2018-08-13,23,47,0,0.991094814,0.013619696,9,0,,
132.2,100001001,0401,2018-08-14,13,20,14,0.667191601,0.164829396,40,0,,
37.8,100001001,0401,2018-08-14,14,24,4,0.737007874,0.069816273,36,0,,
45.1,100001001,0401,2018-08-14,15,29,5,0.775328084,0.03832021,31,1,7.9,
4.72,100001001,0401,2018-08-14,16,30,1,0.794225722,0.018897638,30,1,7.9,
17.91,100001001,0401,2018-08-14,17,33,3,0.822572178,0.028346457,27,1,7.9,
9.44,100001001,0401,2018-08-14,18,35,2,0.849343832,0.026771654,25,1,5.9,
46.58,100001001,0401,2018-08-14,19,43,8,0.90183727,0.052493438,17,1,6.9,
39.2,100001001,0401,2018-08-14,20,47,4,0.927034121,0.02519685,13,1,6.9,
8,100001001,0401,2018-08-14,21,48,1,0.94855643,0.02152231,12,1,4.9,
11.76,100001001,0401,2018-08-14,22,51,3,0.974278215,0.025721785,9,1,4.9,
156.2,100001001,0401,2018-08-15,13,31,16,0.675025589,0.188331627,28,0,,
42.5,100001001,0401,2018-08-15,14,36,5,0.735926305,0.060900716,23,0,,
26.5,100001001,0401,2018-08-15,15,39,3,0.775844422,0.039918117,20,0,,
8.8,100001001,0401,2018-08-15,16,40,1,0.807062436,0.031218014,19,1,8.9,
0,100001001,0401,2018-08-15,17,40,0,0.831627431,0.024564995,19,1,8.9,
35.1,100001001,0401,2018-08-15,18,45,5,0.857215967,0.025588536,14,0,,
28.3,100001001,0401,2018-08-15,19,48,3,0.898669396,0.041453429,11,1,7.9,
24.04,100001001,0401,2018-08-15,20,51,3,0.930399181,0.031729785,8,0,,
0,100001001,0401,2018-08-15,21,51,0,0.95087001,0.020470829,8,1,4.9,
16.9,100001001,0401,2018-08-15,22,55,4,0.972876151,0.022006141,4,0,,
151.9,100001001,0401,2018-08-16,13,30,16,0.668954593,0.164202746,30,0,,
55.9,100001001,0401,2018-08-16,14,36,6,0.740760296,0.071805702,24,0,,
34.5,100001001,0401,2018-08-16,15,40,4,0.773495248,0.032734952,20,0,,
0,100001001,0401,2018-08-16,16,40,0,0.798838437,0.025343189,20,0,,
0,100001001,0401,2018-08-16,17,40,0,0.823653643,0.024815206,20,1,8.9,
21.36,100001001,0401,2018-08-16,18,43,3,0.86219641,0.038542767,17,1,7.9,
15.74,100001001,0401,2018-08-16,19,45,2,0.901267159,0.03907075,15,1,7.9,
8,100001001,0401,2018-08-16,20,46,1,0.931362196,0.030095037,14,1,6.9,
6.76,100001001,0401,2018-08-16,21,47,1,0.95406547,0.022703273,13,1,4.9,
26.34,100001001,0401,2018-08-16,22,51,4,0.979936642,0.025871172,9,1,4.9,
89.4,100001001,0401,2018-08-17,13,14,9,0.689041882,0.16064257,37,0,,
83.1,100001001,0401,2018-08-17,14,23,9,0.760183592,0.07114171,26,0,,
36.2,100001001,0401,2018-08-17,15,27,4,0.791738382,0.031554791,22,1,7.9,
5.78,100001001,0401,2018-08-17,16,28,1,0.814113597,0.022375215,21,1,7.9,
6.32,100001001,0401,2018-08-17,17,29,1,0.837062536,0.022948939,20,1,7.9,
33.45,100001001,0401,2018-08-17,18,35,6,0.871485944,0.034423408,14,1,6.9,
16,100001001,0401,2018-08-17,19,37,2,0.901893287,0.030407344,12,1,6.9,
18.5,100001001,0401,2018-08-17,20,39,2,0.934595525,0.032702238,10,1,6.9,
0,100001001,0401,2018-08-17,21,39,0,0.950659782,0.016064257,10,1,4.9,
6.08,100001001,0401,2018-08-17,22,41,2,0.975903614,0.025243832,8,1,4.9,
165.1,100001001,0401,2018-08-20,13,22,18,0.67304538,0.178786222,40,1,8.9,
25.8,100001001,0401,2018-08-20,14,25,3,0.745762712,0.072717332,37,1,8.9,
20.37,100001001,0401,2018-08-20,15,27,2,0.776380536,0.030617824,35,1,7.9,
18.7,100001001,0401,2018-08-20,16,30,3,0.796610169,0.020229634,31,1,6.9,
13.78,100001001,0401,2018-08-20,17,32,2,0.823400765,0.026790596,29,1,6.9,
29.1,100001001,0401,2018-08-20,18,37,5,0.849644615,0.026243849,25,1,6.9,
32.86,100001001,0401,2018-08-20,19,42,5,0.899398578,0.049753964,20,1,6.9,
6.76,100001001,0401,2018-08-20,20,43,1,0.93384363,0.034445052,19,1,6.9,
5.78,100001001,0401,2018-08-20,21,44,1,0.95297977,0.01913614,18,1,4.9,
23.76,100001001,0401,2018-08-20,22,50,6,0.974302898,0.021323127,12,1,4.9,
67.6,100001001,0401,2018-08-21,13,25,8,0.666120219,0.15136612,30,1,8.9,
0,100001001,0401,2018-08-21,14,25,0,0.731693989,0.06557377,30,1,8.9,
23.66,100001001,0401,2018-08-21,15,28,3,0.768306011,0.036612022,27,1,7.9,
24.71,100001001,0401,2018-08-21,16,32,4,0.794535519,0.026229508,23,1,6.9,
33.86,100001001,0401,2018-08-21,17,37,5,0.818032787,0.023497268,18,0,,
20.3,100001001,0401,2018-08-21,18,39,2,0.846448087,0.028415301,16,1,8.9,
14.36,100001001,0401,2018-08-21,19,41,2,0.893989071,0.047540984,14,1,8.9,
7.12,100001001,0401,2018-08-21,20,42,1,0.921857923,0.027868852,13,1,8.9,
0,100001001,0401,2018-08-21,21,42,0,0.940983607,0.019125683,13,1,4.9,
10.5,100001001,0401,2018-08-21,22,43,1,0.961202186,0.020218579,12,1,4.9,
76.4,100001001,0401,2018-08-22,13,22,9,0.681564246,0.186592179,38,1,8.9,
0,100001001,0401,2018-08-22,14,22,0,0.74972067,0.068156425,38,1,8.9,
9.34,100001001,0401,2018-08-22,15,23,1,0.775977654,0.026256983,37,1,6.9,
21.24,100001001,0401,2018-08-22,16,27,4,0.802793296,0.026815642,33,1,6.9,
4.8,100001001,0401,2018-08-22,17,28,1,0.824022346,0.02122905,32,1,6.9,
23.76,100001001,0401,2018-08-22,18,32,4,0.858659218,0.034636872,28,1,6.9,
17.23,100001001,0401,2018-08-22,19,35,3,0.905027933,0.046368715,25,1,6.9,
5.19,100001001,0401,2018-08-22,20,36,1,0.930726257,0.025698324,24,1,6.9,
0,100001001,0401,2018-08-22,21,36,0,0.953072626,0.022346369,24,1,4.9,
30.12,100001001,0401,2018-08-22,22,42,6,0.976536313,0.023463687,18,1,4.9,
93.1,100001001,0401,2018-08-23,13,25,10,0.690294438,0.183751363,36,1,8.9,
22.3,100001001,0401,2018-08-23,14,27,2,0.752453653,0.062159215,34,1,8.9,
18.59,100001001,0401,2018-08-23,15,29,2,0.778625954,0.026172301,32,1,7.9,
6.32,100001001,0401,2018-08-23,16,30,1,0.809160305,0.030534351,31,1,6.9,
5.78,100001001,0401,2018-08-23,17,31,1,0.831515812,0.022355507,30,1,6.9,
16.56,100001001,0401,2018-08-23,18,34,3,0.860414395,0.028898582,27,1,6.9,
0,100001001,0401,2018-08-23,21,42,0,0.956379498,0.023991276,19,1,4.9,
9.06,100001001,0401,2018-08-23,22,44,2,0.980916031,0.024536532,17,1,4.9,
80,100001001,0401,2018-08-24,13,17,9,0.662629758,0.166089965,44,1,7.9,
31.77,100001001,0401,2018-08-24,14,21,4,0.723760092,0.061130334,40,1,7.9,
16.03,100001001,0401,2018-08-24,15,23,2,0.764705882,0.04094579,38,1,6.9,
8.62,100001001,0401,2018-08-24,16,25,2,0.790080738,0.025374856,36,1,6.9,
6.76,100001001,0401,2018-08-24,17,26,1,0.826989619,0.036908881,35,1,6.9,
11.04,100001001,0401,2018-08-24,18,28,2,0.866782007,0.039792388,33,1,6.9,
20.94,100001001,0401,2018-08-24,19,32,4,0.904844291,0.038062284,29,1,6.9,
33.86,100001001,0401,2018-08-24,20,38,6,0.934832757,0.029988466,23,1,6.9,
0,100001001,0401,2018-08-24,21,38,0,0.951557093,0.016724337,23,1,4.9,
3.92,100001001,0401,2018-08-24,22,39,1,0.974048443,0.022491349,22,1,4.9,